1|"SNOMED CT"|"SNOMED Preferred mapping"|"SCT"|1|19.11.2009 20:19:16|0|1|||"2b3c054a-768a-102f-83f4-12313b04a615"|
2|"SNOMED NP"|"Non-preferred SNOMED CT mappings"||1|25.04.2010 11:12:44|0|1|||"2b3c09b4-768a-102f-83f4-12313b04a615"|
3|"ICD-10-WHO"|"ICD-10 WHO Version"||1|25.04.2010 11:13:15|0|1|||"3f65bd34-26fe-102b-80cb-0017a47871b2"|
4|"RxNORM"|"RxNORM CUI"||1|25.04.2010 11:13:48|0|1|||"2b3c1d64-768a-102f-83f4-12313b04a615"|
5|"RxNORM Comb"|"RxNORM Combination generics MVP Code"||1|25.04.2010 11:14:05|0|1|||"2b3c1eb8-768a-102f-83f4-12313b04a615"|
6|"LOINC"|"LOINC code"||1|25.04.2010 11:14:13|0|1|||"2b3c1ff8-768a-102f-83f4-12313b04a615"|
7|"ICD-10-WHO NP"|"Non-preferred primary ICD-10 WHO map"||1|25.04.2010 12:17:34|0|1|||"2b3c2138-768a-102f-83f4-12313b04a615"|
8|"ICD-10-WHO 2nd"|"Preferred secondary map to ICD-10-WHO"||1|25.04.2010 12:18:19|0|1|||"2b3c226e-768a-102f-83f4-12313b04a615"|
9|"ICD-10-WHO NP2"|"Non-preferred secondary map to ICD-10-WHO"||1|25.04.2010 12:18:41|0|1|||"2b3c23a4-768a-102f-83f4-12313b04a615"|
10|"HL-7 CVX"|"The CDC's National Center of Immunization and Respiratory Diseases (NCIRD) maintains the HL7 external code set CVX. The implementation of the HL7 standard for immunization data exchange is described in Chapter 4 of the HL7 standard. The codes in HL7 Version 2.3 table 0292, represented the initial content of the external CVX code set."||1|26.07.2010 17:53:37|0|1|||"2b3c24e4-768a-102f-83f4-12313b04a615"|
11|"PIH"|"Equivalent concept ID in Master Partners-in-Health Concept dictionary"||1|03.08.2010 1:50:49|0|1|||"fb9aaaf1-65e2-4c18-b53c-16b575f2f385"|
12|"PIH Malawi"|"Partners in Health Malawi concept dictionary"||1|24.10.2010 17:02:20|0|1|||"2b3c2778-768a-102f-83f4-12313b04a615"|
13|"AMPATH"|"AMPATH concept dictionary"||1|24.10.2010 17:02:38|0|1|||"2b3c28ae-768a-102f-83f4-12313b04a615"|
14|"SNOMED MVP"|"MVP Namespace Identifier extensions to SNOMED CT"||1|03.12.2010 18:18:39|0|1|||"2b3c2a2a-768a-102f-83f4-12313b04a615"|
15|"org.openmrs.module.mdrtb"|"The required concepts for the MDR-TB module"||1|15.12.2010 14:00:37|0|1|||"ddb6b595-0b85-4a80-9243-efe4ba404eef"|
16|"MVP Amazon Server 174"|"The production server for MVP"|"MVPAWS174"|1|26.03.2012 14:51:12|0|1|||"5de58ac9-8ef9-4750-8c63-d88ac2f82aaf"|
17|"SNOMED US"|"SNOMED CT US Extension"||1|15.09.2012 12:11:39|0|1|||"5ea98a58-0333-495a-aecc-32fa5d814e5d"|
18|"HL7 2.x Route of Administration"|"Members of value set from HL7 for routes of administration"|"HL70162"|1|19.10.2012 13:43:57|0|1|||"98e77229-19e7-45e0-88dd-e30214dd2fad"|
19|"3BT"|"Belgian Bilingual Bi-encoded Thesaurus (3BT)"||1|16.02.2013 22:25:25|0|1|||"ef7f179f-d97d-4a8c-994c-67c544428684"|
20|"ICPC2"|"International Classification of Primary Care version 2 from WONCA."||1|17.02.2013 15:25:41|0|1|||"32fb691d-928b-48a9-b3ee-ca64f21f20bf"|
21|"CIEL"|"Columbia International eHealth Laboratory concept ID"||1|03.07.2013 15:55:03|0|1|||"249b13c8-72fa-4b96-8d3d-b200efed985e"|
22|"CCAM"|"French classification of procedures known as Classification Commune des Actes Médicaux"||1|04.07.2013 22:57:20|0|1|||"8f40d58b-a968-4bd0-befd-99f88549ff8d"|
23|"org.openmrs.module.emrapi"|"Reference application module"||1|21.08.2013 9:14:19|0|1|||"12fb0fda-77f2-4006-830c-504520f8f3ce"|
24|"IMO ProblemIT"|"Intelligent Medical Objects, Inc. problem/disease/finding datasource"||1|01.10.2013 13:34:15|0|1|||"2ec62780-6cb7-4024-b396-c9388793156b"|
25|"IMO ProcedureIT"|"Intelligent Medical Objects, Inc. procedure/test datasource"||1|01.10.2013 13:34:40|0|1|||"912025e5-edb1-4774-8a0c-59febe5600e4"|
26|"Pharmacologic Drug Class"|"Class of drugs/medications used"||1|07.02.2014 22:11:41|1|1|07.02.2014 22:14:10|"Error"|"caa29f2f-62e9-4ed7-98c0-8abaa0143f8d"|
27|"NDF-RT NUI"|"Unique numeric indicator from NDF-RT drug information database"||1|07.02.2014 22:15:18|0|1|||"d82521a1-6b31-4fac-ad4f-492a91aefca5"|
28|"FDA Route of Administration"|"Description.  This standard provides for all routes of administration for drugs. \r\n\r\nSource.  COMIS Reference table (which is used by the Drug Product Reference File to generate Approved Drug Products with Therapeutic Equivalence Evaluations (a.k.a. ""The Orange Book"")), and the Drug Registration and Listing Database, Office of Epidemiology and Biosurveillance Database.  Also, the names (but not the definitions or the numeric codes) that are represented in blue have been harmonized with the E2B route of administration terms for the International Conference on Harmonization (ICH)."||1|16.01.2015 18:06:56|0|1|||"9b77b4cb-172b-49a5-b8b1-7d30bd1739e0"|
29|"NCI Concept Code"|"National Cancer Institute concept code \r\nURL: http://nciterms.nci.nih.gov/ncitbrowser/ConceptReport.jsp?dictionary=NCI_Thesaurus"||1|16.01.2015 19:46:12|0|1|||"f79f5ac4-1c94-4b64-b0d4-04565c1d52b9"|
