A;ALIMENTARY TRACT AND METABOLISM;;
;;;
A1;STOMATOLOGICALS, MOUTH PREPARATIONS,  MEDICINAL DENTIFRICES ETC;;
;;;
A1A;STOMATOLOGICALS;;
;;;
;Fourth levels in italics only used in some countries ;;
A1A1;Toothpastes;;
A1A2;Mouth antiseptics and anti?infectives;;
A1A3;Mouth anti?inflammatories and mouth analgesics for topical use;;
A1A4;Mouth preparations w/fluorine  ;;
A1A5;All other stomatologicals ;;
;;;
;;;
A1B;MOUTH ANTIFUNGALS;;
;;;
;;;
A2;ANTACIDS, ANTIFLATULENTS AND ANTI?ULCERANTS;;
;;;
A2A;ANTACIDS, ANTIFLATULENTS, CARMINATIVES;;
;;;
A2A1;Plain antacids;;
A2A2;Plain antiflatulents and carminatives;;
A2A3;Antacids with antispasmodics;;
A2A4;Antacids with antiflatulents or carminatives;;
A2A5;Antacids with antiflatulents and/or carminatives and antispasmodics;;
A2A6;Antacids with other drugs;;
A2A7;Antiflatulents and/or carminatives with other drugs;;
___________________________________________________________________________;;;
;;;
A2B;ANTIULCERANTS;;
;;;
A2B1;H2 antagonists;;
A2B2;Proton pump inhibitors;;
A2B3;Prostaglandin antiulcerants;;
A2B4;Bismuth antiulcerants;;
A2B9;All other antiulcerants;;
___________________________________________________________________________;;;
;;;
A2C;OTHER STOMACH DISORDER PREPARATIONS;;
___________________________________________________________________________;;;
;;;
A3;FUNCTIONAL GASTRO-INTESTINAL DISORDER DRUGS;;
;;;
A3A;PLAIN ANTISPASMODICS AND ANTICHOLINERGICS;;
;;;
A3C ;ANTISPASMODIC/ATARACTIC COMBINATIONS;;
;;;
A3D;ANTISPASMODIC/ANALGESIC COMBINATIONS;;
;;;
A3E;ANTISPASMODICS COMBINED WITH OTHER PRODUCTS;;
;;;
A3F;GASTROPROKINETICS;;
;;;
A3G;GASTRO-INTESTINAL SENSORIMOTOR MODULATORS;;
___________________________________________________________________________;;;
;;;
A4;ANTIEMETICS AND ANTINAUSEANTS;;
;;;
A4A;ANTIEMETICS AND ANTINAUSEANTS;;
;;;
A4A1;Serotonin antagonist antiemetics/antinauseants;;
A4A2;NK1 antagonist antiemetics/antinauseants;;
A4A9;Other antiemetics and antinauseants;;
___________________________________________________________________________;;;
;;;
A5;CHOLAGOGUES AND HEPATIC PROTECTORS;;
;;;
A5A;BILE THERAPY AND CHOLAGOGUES;;
;;;
A5A1;Choleretics and cholekinetics;;
A5A2;Bile stone therapy;;
___________________________________________________________________________;;;
;;;
A5B;HEPATIC PROTECTORS, LIPOTROPICS;;
;;;
A5C;CHOLAGOGUE/LIPOTROPIC COMBINATIONS;;
___________________________________________________________________________;;;
;;;
A6;DRUGS FOR CONSTIPATION AND BOWEL CLEANSERS;;
;;;
A6A;DRUGS FOR CONSTIPATION;;
;;;
A6A1;Faecal softening laxatives;;
A6A2;Stimulant laxatives;;
A6A3;Bulk-forming laxatives;;
A6A4;Enemas;;
A6A6;Osmotic laxatives;;
A6A7;Osmotic laxatives with electrolytes;;
A6A9;Other drugs for constipation;;
___________________________________________________________________________;;;
;;;
A6B;BOWEL CLEANSERS;;
;;;
A6B1;Osmotic bowel cleansers;;
A6B2;Osmotic bowel cleansers with electrolytes;;
A6B9;Other bowel cleansers;;
___________________________________________________________________________;;;
;;;
A7;ANTIDIARRHOEALS, ORAL ELECTROLYTE REPLACERS AND INTESTINAL ANTI-INFLAMMATORIES;;
;;;
A7A;INTESTINAL ANTI-INFECTIVE ANTIDIARRHOEALS ;;
;;;
A7B;INTESTINAL ADSORBENT ANTIDIARRHOEALS;;
;;;
A7E;INTESTINAL ANTI-INFLAMMATORY AGENTS;;
;;;
A7F;ANTIDIARRHOEAL MICRO?ORGANISMS;;
;;;
A7G;ORAL ELECTROLYTE REPLACERS;;
;;;
A7H;MOTILITY INHIBITORS;;
;;;
A7X;ALL OTHER ANTIDIARRHOEALS;;
___________________________________________________________________________;;;
;;;
A8;ANTIOBESITY PREPARATIONS, EXCLUDING DIETETICS;;
;;;
A8A;ANTIOBESITY PREPARATIONS, EXCLUDING DIETETICS;;
___________________________________________________________________________;;;
;;;
A9;DIGESTIVES, INCLUDING DIGESTIVE ENZYMES;;
;;;
A9A;DIGESTIVES, INCLUDING ENZYMES;;
___________________________________________________________________________;;;
;;;
A10;DRUGS USED IN DIABETES;;
;;;
A10C;HUMAN INSULINS AND ANALOGUES;;
;;;
A10C1;Human insulins and analogues, fast-acting;;
A10C2;Human insulins and analogues, intermediate-acting;;
A10C3;Human insulins and analogues, intermediate- or long-acting, combined with fast-acting;;
A10C4;Human insulins and analogues, intermediate-acting combined with long-acting;;
A10C5;Human insulins and analogues, long-acting;;
A10C9;Other human insulins and analogues;;
___________________________________________________________________________;;;
;;;
a10d;animal insulins;;
;;;
a10e;insulin devices;;
;;;
A10H;SULPHONYLUREA ANTIDIABETICS;;
 ;;;
A10J;BIGUANIDE ANTIDIABETICS;;
;;;
A10J1;Biguanide antidiabetics, plain;;
A10J2;Biguanide and sulphonylurea antidiabetic combinations;;
A10J9;Biguanide antidiabetic combinations, other;;
___________________________________________________________________________;;;
;;;
A10K;GLITAZONE ANTIDIABETICS;;
;;;
A10K1;Glitazone antidiabetics, plain;;
A10K2;Glitazone and sulphonylurea antidiabetic combinations;;
A10K3;Glitazone and biguanide antidiabetic combinations;;
A10K9;Glitazone antidiabetic combinations, other;;
___________________________________________________________________________;;;
;;;
A10L;ALPHA-GLUCOSIDASE INHIBITOR ANTIDIABETICS;;
;;;
A10M;GLINIDE ANTIDIABETICS;;
;;;
A10M1;Glinide antidiabetics, plain;;
A10M3;Glinide and biguanide antidiabetic combinations;;
A10M9;Glinide antidiabetic combinations, other;;
___________________________________________________________________________;;;
;;;
A10N;DPP-IV INHIBITOR ANTIDIABETICS;;
;;;
A10N1;DPP-IV inhibitor antidiabetics, plain;;
A10N3;DPP-IV inhibitor and biguanide antidiabetic combinations;;
A10N9;DPP-IV inhibitor antidiabetic combinations, other;;
___________________________________________________________________________;;;
;;;
A10P;SGLT2 INHIBITOR ANTIDIABETICS;;
;;;
A10P1;SGLT2 inhibitor antidiabetics, plain;;
A10P3;SGLT2 inhibitor and biguanide antidiabetic combinations;;
A10P9;SGLT2 inhibitor antidiabetic combinations, other;;
___________________________________________________________________________;;;
;;;
A10S;GLP-1 AGONIST ANTIDIABETICS;;
;;;
A10X;OTHER DRUGS USED IN DIABETES;;
;;;
A10X1;Antidiabetic multitherapy combination products;;
A10X9;Other drugs used in diabetes;;
___________________________________________________________________________;;;
;;;
A11;VITAMINS;;
;;;
A11A;MULTIVITAMINS WITH MINERALS;;
;;;
A11A1;Prenatal;;
A11A2;Paediatric;;
A11A3;Geriatric;;
A11A4;Other multivitamins with minerals;;
___________________________________________________________________________;;;
;;;
A11B;MULTIVITAMINS WITHOUT MINERALS;;
;;;
A11B1;Prenatal;;
A11B2;Paediatric;;
A11B3;Geriatric;;
A11B4;Other multivitamins without minerals;;
___________________________________________________________________________;;;
;;;
A11C;VITAMIN A AND D, INCLUDING COMBINATIONS OF THE TWO;;
;;;
A11C1;Vitamin A;;
A11C2;Vitamin D;;
A11C3;Combinations of vitamin A with vitamin D;;
___________________________________________________________________________;;;
;;;
A11D;VITAMIN B1 AND COMBINATIONS;;
;;;
A11D3;Vitamin B1 Plain;;
A11D4;;Vitamin B1 combinations with vitamin B6 and / or vitamin B12;
A11D9;Other vitamin B1 combinations;;
___________________________________________________________________________;;;
;;;
A11E;VITAMIN B COMPLEX;;
;;;
A11E1;Plain vitamin B complex;;
A11E2;Vitamin B complex with vitamin C;;
A11E3;Vitamin B complex with other drugs;;
___________________________________________________________________________;;;
;;;
A11F;PLAIN VITAMIN B12;;
;;;
A11G;VITAMIN C, INCLUDING COMBINATIONS WITH MINERALS;;
;;;
A11G1;Plain vitamin C (including vitamin C salts);;
A11G2;Vitamin C combinations;;
;;;
;;;
A11X;OTHER VITAMINS;;
;;;
A11X1;Nicotinamide (vitamin B3), plain;;
A11X2;Vitamin B6 (pyridoxine), plain;;
A11X3;Vitamin E, plain;;
A11X9;All other vitamins, plain and in combination;;
___________________________________________________________________________;;;
;;;
A12;MINERAL SUPPLEMENTS;;
;;;
A12A;CALCIUM PRODUCTS;;
;;;
A12B;POTASSIUM PRODUCTS;;
;;;
A12C;OTHER MINERAL SUPPLEMENTS;;
;;;
A12C1;Magnesium supplements;;
A12C2;Other mineral supplements ;;
;;;
;;;
A13;TONICS;;
;;;
A13A;TONICS;;
;;;
A13A1;Preparations containing procaine;;
A13A2;All other tonics;;
___________________________________________________________________________;;;
;;;
A14;ANABOLICS, SYSTEMIC;;
;;;
A14A;ANABOLIC HORMONES, SYSTEMIC;;
;;;
A14A1;Plain anabolic hormones, systemic;;
A14A2;Anabolic hormone combinations;;
___________________________________________________________________________;;;
;;;
A14B;Other anabolic agents, systemic;;
___________________________________________________________________________;;;
;;;
A15;APPETITE STIMULANTS;;
;;;
A15A;APPETITE STIMULANTS;;
___________________________________________________________________________;;;
;;;
A16;OTHER ALIMENTARY TRACT AND METABOLISM PRODUCTS;;
;;;
A16A;OTHER ALIMENTARY TRACT AND METABOLISM PRODUCTS;;
___________________________________________________________________________;;;
;;;
B;BLOOD AND BLOOD FORMING ORGANS;;
;;;
B1;ANTITHROMBOTIC AGENTS;;
;;;
B1A;VITAMIN K ANTAGONISTS;;
;;;
B1B;HEPARINS;;
;;;
B1B1;Unfractionated heparins;;
B1B2;Fractionated heparins;;
B1B3;Heparins for flushing;;
B1B9;Other heparins;;
___________________________________________________________________________;;;
;;;
B1C;PLATELET AGGREGATION INHIBITORS;;
;;;
B1C1;Cyclo-oxygenase inhibitor platelet aggregation inhibitors;;
B1C2;ADP (adenosine diphosphate) receptor antagonist platelet aggregation inhibitors;;
B1C3;GP IIb/IIIa (glycoprotein) antagonist platelet aggregation inhibitors;;
B1C4;Platelet cAMP enhancing platelet aggregation inhibitors;;
B1C5;Platelet aggregation inhibitors, combinations;;
B1C9;Other platelet aggregation inhibitors;;
___________________________________________________________________________;;;
;;;
B1D;FIBRINOLYTICS;;
;;;
B1E;DIRECT THROMBIN INHIBITORS;;
;;;
B1F;DIRECT FACTOR XA INHIBITORS;;
;;;
B1X;OTHER ANTITHROMBOTIC AGENTS;;
___________________________________________________________________________;;;
;;;
B2;BLOOD COAGULATION SYSTEM, OTHER PRODUCTS ;;
;;;
B2A;ANTIFIBRINOLYTICS;;
;;;
B2A1;Synthetic antifibrinolytics;;
;;;
B2A2;Proteinase;;
B2A9;Other antifibrinolytics;;
___________________________________________________________________________;;;
;;;
B2B;ANTAGONISTS (ANTIDOTES TO ANTICOAGULANTS);;
;;;
B2B1;Vitamin K;;
B2B2;Protamin sulphate;;
B2B9;Antidotes to anticoagulants, other;;
___________________________________________________________________________;;;
;;;
B2C;PROTEINASE INHIBITORS;;
;;;
B2C1;Coagulation inhibitors;;
B2C2;Inhibitors of the Kallikrein?kinin?system;;
B2C3;Inhibitors of fibrinolysis;;
B2C9;Other proteinase inhibitors;;
___________________________________________________________________________;;;
;;;
B2D;BLOOD COAGULATION;;
;;;
B2D1;Factor VIII;;
B2D2;Factors II, VII, IX and X;;
B2D3;Anti?inhibitor?coagulation complex;;
B2D4;Factor XIII;;
B2D5;Fibrinogen;;
B2D6;Fresh frozen plasma and antihaemophilic plasma;;
B2D7;Cohn?Fraction I;;
B2D8;Platelet concentrates ;;
B2D9;Other blood fractions;;
___________________________________________________________________________;;;
;;;
B2E;THROMBOPOIETIN AGONISTS ;;
;;;
B2F;TISSUE SEALING PREPARATIONS;;
;;;
B2G ;SYSTEMIC HAEMOSTATICS;;
___________________________________________________________________________;;;
;;;
B3;ANTI?ANAEMIC PREPARATIONS;;
;;;
B3A;HAEMATINICS, IRON AND ALL COMBINATIONS;;
;;;
B3A1;Plain iron;;
B3A2;Iron combination products;;
___________________________________________________________________________;;;
;;;
B3B;LIVER EXTRACTS AND COMBINATIONS WITH B12;;
;;;
B3C;ERYTHROPOIETIN PRODUCTS;;
;;;
B3X;OTHER ANTI-ANAEMIC PRODUCTS, INCLUDING FOLIC ACID, FOLINIC ACID;;
___________________________________________________________________________;;;
;;;
B6;ALL OTHER HAEMATOLOGICAL AGENTS;;
;;;
B6B;HYALURONIDASE;;
;;;
B6C;OTHER HAEMATOLOGICAL AGENTS;;
;;;
B6D;HEREDITARY ANGIOEDEMA PRODUCTS;;
___________________________________________________________________________;;;
;;;
C;CARDIOVASCULAR SYSTEM;;
;;;
C1;CARDIAC THERAPY;;
;;;
C1A;CARDIAC GLYCOSIDES AND COMBINATIONS;;
;;;
C1A1;Plain cardiac glycosides;;
C1A2;Cardiac glycoside combinations;;
___________________________________________________________________________;;;
;;;
C1B;ANTI?ARRHYTHMICS;;
;;;
C1C;CARDIAC STIMULANTS EXCLUDING CARDIAC GLYCOSIDES;;
;;;
C1C1;Cardiac stimulants excluding dopaminergic agents;;
C1C2;Cardiac dopaminergic agents;;
___________________________________________________________________________;;;
;;;
C1D;CORONARY THERAPY EXCLUDING CALCIUM ANTAGONISTS AND NITRITES;;
;;;
C1E;NITRITES AND NITRATES ;;
;;;
C1F;POSITIVE INOTROPIC AGENTS;;
;;;
C1X;ALL OTHER CARDIAC PREPARATIONS;;
___________________________________________________________________________;;;
;;;
C2;ANTIHYPERTENSIVES;;
;;;
C2A;ANTIHYPERTENSIVES (OF NON?HERBAL ORIGIN) PLAIN;;
;;;
C2A1;Antihypertensives plain, mainly centrally acting;;
C2A2;Antihypertensives plain, mainly peripherally acting;;
C2A3;Antihypertensives plain, others;;
___________________________________________________________________________;;;
;;;
C2B;ANTIHYPERTENSIVES (OF NON?HERBAL ORIGIN), COMBINATION WITH DIURETICS;;
;;;
C2B1;Antihypertensive?diuretic combinations, mainly centrally acting;;
C2B2;Antihypertensive?diuretic combinations, mainly peripherally acting;;
C2B3;Antihypertensive?diuretic combinations, others;;
___________________________________________________________________________;;;
;;;
C2C;RAUWOLFIA ALKALOIDS AND OTHER ANTIHYPERTENSIVES OF HERBAL ORIGIN;;
;;;
C2D;RAUWOLFIA ALKALOIDS AND OTHER ANTIHYPERTENSIVES OF HERBAL ORIGIN IN COMBINATION WITH DIURETICS;;
___________________________________________________________________________;;;
;;;
C3;DIURETICS;;
;;;
C3A;DIURETICS;;
;;;
C3A1;Potassium?sparing agents plain;;
C3A2;Loop diuretics plain;;
C3A3;Thiazides and analogues plain;;
C3A4;Potassium?sparing agents with loop diuretic combinations;;
C3A5;Potassium?sparing agents with thiazides and/or analogue combinations;;
C3A7;Vasopressin receptor antagonist diuretics;;
C3A9;Other diuretics;;
___________________________________________________________________________;;;
;;;
C4;CEREBRAL AND PERIPHERAL VASOTHERAPEUTICS;;
;;;
C4A;CEREBRAL AND PERIPHERAL VASOTHERAPEUTICS;;
;;;
C4A1;Cerebral and peripheral vasotherapeutics excluding calcium antagonists with cerebral activity;;
C4A2;Calcium antagonists with cerebral activity;;
___________________________________________________________________________;;;
;;;
C5;ANTIVARICOSIS/ANTIHAEMORRHOIDAL PREPARATIONS;;
;;;
C5A;TOPICAL ANTI?HAEMORRHOIDALS;;
;;;
C5A1;Topical anti?haemorrhoidals with corticosteroids;;
C5A2;Topical anti?haemorrhoidals without corticosteroids;;
___________________________________________________________________________;;;
;;;
C5B;VARICOSE THERAPY, TOPICAL;;
;;;
C5C;VARICOSE THERAPY, SYSTEMIC;;
___________________________________________________________________________;;;
;;;
C6;OTHER CARDIOVASCULAR PRODUCTS;;
;;;
C6A;OTHER CARDIOVASCULAR PRODUCTS;;
___________________________________________________________________________;;;
;;;
C7;BETA?BLOCKING AGENTS;;
;;;
C7A;BETA?BLOCKING AGENTS, PLAIN;;
;;;
C7B;BETA?BLOCKING AGENTS, COMBINATIONS;;
;;;
C7B1;Combinations with anti?hypertensives and/or diuretics;;
C7B2;Combinations with other drugs of group C;;
C7B3;Combinations with all other drugs except those of group C;;
___________________________________________________________________________;;;
;;;
C8;CALCIUM ANTAGONISTS;;
;;;
C8A;CALCIUM ANTAGONISTS, PLAIN;;
;;;
C8B;CALCIUM ANTAGONISTS, COMBINATIONS;;
;;;
C8B1;Calcium antagonist combinations with antihypertensives (C2) and/or diuretics (C3);;
C8B2;Calcium antagonist/beta?blocker combinations;;
C8B3;Calcium antagonist combinations with all other drugs of group C except C2, C3, C7 and C9;;
C8B4;Calcium antagonist combinations with all other drugs except those of group C;;
___________________________________________________________________________;;;
;;;
C9;AGENTS ACTING ON THE RENIN-ANGIOTENSIN SYSTEM;;
;;;
C9A;ACE INHIBITORS, PLAIN;;
;;;
C9B;ACE INHIBITORS, COMBINATIONS;;
;;;
C9B1;ACE inhibitor combinations with antihypertensives (C2) and/or diuretics (C3);;
C9B2;ACE inhibitor/beta?blocker combinations;;
C9B3;ACE inhibitor combinations with calcium antagonists (C8);;
C9B9;ACE inhibitor combinations with all other drugs;;
___________________________________________________________________________;;;
;;;
C9C;ANGIOTENSIN-II ANTAGONISTS, PLAIN;;
;;;
C9D;ANGIOTENSIN-II ANTAGONISTS, COMBINATIONS;;
;;;
C9D1;Angiotensin-II antagonist combinations with antihypertensives (C2) and/ or diuretics;;
C9D2;Angiotensin-II antagonist combinations with beta-blockers;;
C9D3;Angiotensin-II antagonist combinations with calcium antagonists;;
C9D4;Angiotensin II antagonist combinations with ACE inhibitors ;;
C9D9;Angiotensin-II antagonist combinations with other drugs;;
___________________________________________________________________________;;;
;;;
;;;
;;;
C9X;OTHER AGENTS ACTING ON THE RENIN-ANGIOTENSIN SYSTEM;;
___________________________________________________________________________;;;
;;;
C10;LIPID-REGULATING/ANTI-ATHEROMA PREPARATIONS;;
;;;
C10A;CHOLESTEROL AND TRIGLYCERIDE REGULATING PREPARATIONS;;
;;;
C10A1;Statins (HMG-CoA reductase inhibitors);;
C10A2;Fibrates;;
C10A3;Ion-exchange resins;;
C10A4;PCSK9 inhibitors;;
C10A9;All other cholesterol/triglyceride regulators;;
___________________________________________________________________________;;;
;;;
C10B;ANTI-ATHEROMA PREPARATIONS OF NATURAL ORIGIN;;
;;;
C10C;LIPID REGULATORS IN COMBINATION WITH OTHER LIPID REGULATORS;;
__________________________________________________________________________;;;
;;;
C11;CARDIOVASCULAR MULTITHERAPY COMBINATION ;;
;PRODUCTS;;
;;;
C11A;LIPID-REGULATING CARDIOVASCULAR MULTITHERAPY ;;
;COMBINATION PRODUCTS ;;
;;;
C11A1;Lipid-regulating cardiovascular multitherapy fixed combination products;;
C11A2;Lipid-regulating cardiovascular multitherapy combi-pack combination products;;
___________________________________________________________________________;;;
;;;
D;DERMATOLOGICALS;;
;;;
D1;ANTIFUNGALS, DERMATOLOGICAL;;
;;;
D1A;ANTIFUNGALS, DERMATOLOGICAL;;
;;;
D1A1;Topical dermatological antifungals;;
D1A2;Systemic dermatological antifungals;;
D1A3;Topical scalp antifungals;;
___________________________________________________________________________;;;
;;;
D2;EMOLLIENTS, PROTECTIVES;;
;;;
D2A;EMOLLIENTS, PROTECTIVES;;
___________________________________________________________________________;;;
;;;
D3;WOUND HEALING AGENTS;;
;;;
D3A;WOUND HEALING AGENTS ;;
;;;
D3A1;Skin/dermal/epidermal equivalents;;
D3A9;All other wound healing agents;;
___________________________________________________________________________;;;
;;;
D4;ANTI?PRURITICS, INCLUDING TOPICAL ANTIHISTAMINES, ANAESTHETICS, ETC;;
;;;
D4A;ANTI?PRURITICS, INCLUDING TOPICAL ANTIHISTAMINES, ANAESTHETICS, ETC;;
___________________________________________________________________________;;;
;;;
D5;NONSTEROIDAL PRODUCTS FOR INFLAMMATORY;;
;SKIN DISORDERS;;
;;;
D5A;TOPICAL ANTIPSORIASIS PRODUCTS;;
;;;
D5B;SYSTEMIC ANTIPSORIASIS PRODUCTS;;
;;;
D5X;OTHER NONSTEROIDAL PRODUCTS FOR INFLAMMATORY;;
;SKIN DISORDERS;;
___________________________________________________________________________;;;
;;;
D6;TOPICAL ANTIBACTERIALS AND ANTIVIRALS;;
;;;
D6A;TOPICAL ANTIBACTERIALS;;
;;;
D6D;TOPICAL VIRAL INFECTION PRODUCTS;;
;;;
D6D1;Topical antivirals;;
D6D9;Other topical products used in viral infections;;
___________________________________________________________________________;;;
;;;
D7;TOPICAL CORTICOSTEROIDS;;
;;;
D7A;PLAIN TOPICAL CORTICOSTEROIDS;;
;;;
D7B;TOPICAL CORTICOSTEROID COMBINATIONS;;
;;;
D7B1;Combinations of corticosteroids with antibacterials;;
D7B2;Combinations of corticosteroids with antifungals;;
D7B3;Combinations of corticosteroids with antibacterials and antifungals;;
D7B4;Other corticosteroid combinations;;
___________________________________________________________________________;;;
;;;
D8;ANTISEPTICS AND DISINFECTANTS;;
;;;
D8A;ANTISEPTICS AND DISINFECTANTS;;
;;;
;Germany � Hospital Only;;
D8A1;Antiseptics and disinfectants, excluding hand products;;
D8A2;Hand antiseptics and disinfectants;;
___________________________________________________________________________;;;
;;;
D10;ANTI?ACNE PREPARATIONS;;
;;;
D10A;TOPICAL ANTI?ACNE PREPARATIONS;;
;;;
D10B;ORAL ANTI?ACNE PREPARATIONS;;
___________________________________________________________________________;;;
;;;
D11;OTHER DERMATOLOGICAL PREPARATIONS;;
;;;
D11A;OTHER DERMATOLOGICAL PREPARATIONS;;
___________________________________________________________________________;;;
;;;
G;GENITO?URINARY SYSTEM AND SEX HORMONES;;
;;;
G1;GYNAECOLOGICAL ANTI?INFECTIVES;;
;;;
G1A;TRICHOMONACIDES;;
;;;
G1A1;Systemic trichomonacides;;
G1A2;Topical trichomonacides;;
G1A3;Combined forms of trichomonacides;;
___________________________________________________________________________;;;
;;;
G1B;GYNAECOLOGICAL ANTIFUNGALS;;
;;;
G1C;GYNAECOLOGICAL ANTIBACTERIALS;;
;;;
G1D;GYNAECOLOGICAL ANTISEPTICS;;
;;;
___________________________________________________________________________;;;
;;;
G2;OTHER GYNAECOLOGICALS;;
;;;
G2A;LABOUR INDUCERS;;
;;;
G2B;TOPICAL CONTRACEPTIVES;;
;;;
G2D;Prolactin Inhibitors;;
;;;
G2E;Labour Inhibitors;;
;;;
G2F;topical sex hormones;;
;;;
G2X;other gynaecological products;;
;;;
G2x1;Gynaecological antispasmodics;;
G2x9;Other gynaecologicals;;
___________________________________________________________________________;;;
;;;
G3;SEX HORMONES AND PRODUCTS WITH SIMILAR DESIRED EFFECTS, SYSTEMIC ACTION ONLY;;
;;;
G3A;HORMONAL CONTRACEPTIVES, SYSTEMIC;;
;;;
G3A1;Monophasic preparations with < 50 mcg oestrogen;;
G3A2;Monophasic preparations with > = 50 mcg oestrogen;;
G3A3;Biphasic preparations;;
G3A4;Triphasic preparations;;
G3A5;Progestogen-only preparations, oral;;
G3A6;Emergency contraceptives, systemic;;
G3A9;Other hormonal contraceptives, systemic;;
___________________________________________________________________________;;;
;;;
G3B;ANDROGENS, EXCLUDING G3E, G3F;;
;;;
G3C;OESTROGENS, EXCLUDING G3A, G3E, G3F;;
;;;
G3D;PROGESTOGENS, EXCLUDING G3A, G3F;;
;;;
G3E;ANDROGEN WITH FEMALE HORMONE COMBINATIONS;;
;;;
G3F;OESTROGEN WITH PROGESTOGEN COMBINATIONS, EXCLUDING G3A;;
;;;
G3G;GONADOTROPHINS, INCLUDING OTHER OVULATION STIMULANTS;;
;;;
G3J;SERMS (SELECTIVE OESTROGEN RECEPTOR MODULATORS);;
;;;
G3X;OTHER SEX HORMONES AND SIMILAR PRODUCTS;;
___________________________________________________________________________;;;
;;;
G4;UROLOGICALS;;
;;;
G4A;URINARY ANTI?INFECTIVES AND ANTISEPTICS;;
;;;
G4A1;Urinary antibacterials;;
G4A2;Urinary non-halogenated quinolones ;;
G4A9;Other urinary antiseptics;;
___________________________________________________________________________;;;
;;;
G4C;BPH (BENIGN PROSTATIC HYPERTROPHY) PRODUCTS;;
;;;
G4C2;BPH alpha-adrenergic antagonists, plain ;;
G4C3;BPH 5-alpha testosterone reductase inhibitors (5-ARI), plain ;;
G4C4;BPH alpha-antagonists and 5-ARIs, combinations;;
G4C7;BPH 5-ARIs and/or alpha-antagonists in combination with other substances;;
G4C9;BPH products, other;;
___________________________________________________________________________;;;
;;;
G4D;URINARY INCONTINENCE PRODUCTS;;
G4D4;Urinary incontinence products;;
G4D8;Urinary incontinence products of natural origin;;
___________________________________________________________________________;;;
;;;
G4E;ERECTILE DYSFUNCTION PRODUCTS;;
;;;
G4E1;Erectile dysfunction products, PDE5 inhibitors;;
G4E9;Erectile dysfunction products, others;;
___________________________________________________________________________;;;
;;;
G4X;ALL OTHER UROLOGICAL PRODUCTS;;
___________________________________________________________________________;;;
;;;
H;SYSTEMIC HORMONAL PREPARATIONS (excluding sex hormones);;
;;;
H1;PITUITARY AND HYPOTHALAMIC HORMONES;;
;;;
H1A;ACTH;;
;;;
H1C;HYPOTHALAMIC HORMONES;;
;;;
H1C1;Gonadotrophin-releasing hormones;;
H1C2;Antigrowth hormones;;
H1C3;Antigonadotrophin-releasing hormones;;
___________________________________________________________________________;;;
;;;
H2;SYSTEMIC CORTICOSTEROIDS;;
;;;
H2A;SYSTEMIC CORTICOSTEROIDS, PLAIN;;
;;;
H2A1;Injectable corticosteroids, plain;;
H2A2;Oral corticosteroids, plain;;
H2A3;Other systemic corticosteroids, plain;;
___________________________________________________________________________;;;
;;;
H2B;SYSTEMIC CORTICOSTEROID COMBINATIONS;;
___________________________________________________________________________;;;
;;;
H3;THYROID THERAPY;;
;;;
H3A;THYROID PREPARATIONS;;
;;;
H3B;ANTI?THYROID PREPARATIONS;;
;;;
H3C;IODINE THERAPY;;
___________________________________________________________________________;;;
;;;
H4;OTHER HORMONES;;
;;;
H4A;CALCITONINS;;
;;;
H4B;GLUCAGON;;
;;;
H4C;GROWTH HORMONES;;
;;;
H4D;ANTIDIURETIC HORMONES;;
;;;
H4E;PARATHYROID HORMONES AND ANALOGUES;;
;;;
H4F;ANTIPARATHYROID PRODUCTS;;
;;;
H4X;OTHER HORMONES AND PREPARATIONS WITH SIMILAR ACTIONS;;
___________________________________________________________________________;;;
;;;
J;GENERAL ANTI-INFECTIVES SYSTEMIC;;
;;;
J1;SYSTEMIC ANTIBACTERIALS;;
;;;
J1A;TETRACYCLINES AND COMBINATIONS;;
;;;
J1B;CHLORAMPHENICOL AND COMBINATIONS;;
;;;
J1C;BROAD SPECTRUM PENICILLINS;;
;;;
J1C1;Oral broad spectrum penicillins;;
J1C2;Injectable broad spectrum penicillins;;
___________________________________________________________________________;;;
;;;
J1D;CEPHALOSPORINS;;
;;;
J1D1;Oral cephalosporins;;
J1D2;Injectable cephalosporins;;
___________________________________________________________________________;;;
;;;
J1E;TRIMETHOPRIM AND SIMILAR FORMULATIONS;;
;;;
J1F;MACROLIDES AND SIMILAR TYPES;;
;;;
J1G;FLUOROQUINOLONES;;
;;;
J1G1;Oral fluoroquinolones;;
J1G2;Injectable fluoroquinolones;;
___________________________________________________________________________;;;
;;;
J1H;MEDIUM AND NARROW SPECTRUM PENICILLINS;;
;;;
J1H1;Plain medium and narrow spectrum penicillins;;
J1H2;Penicillin/streptomycin combinations;;
___________________________________________________________________________;;;
;;;
J1K;AMINOGLYCOSIDES;;
;;;
J1L;CARBENICILLIN AND SIMILAR TYPES;;
;;;
J1M;RIFAMPICIN/RIFAMYCIN;;
;;;
J1P;other beta-lactam antibacterials, exclUDING penicillins, cephalosporins;;
;;;
J1P1;Monobactams;;
J1P2;Penems and carbapenems;;
J1P3;Carbacephems;;
J1P9;All other beta-lactam antibacterials;;
___________________________________________________________________________;;;
;;;
J1X;OTHER ANTIBACTERIALS;;
;;;
J1X1;Glycopeptide antibacterials;;
J1X2;Polymyxins;;
J1X9;All other antibacterials;;
___________________________________________________________________________;;;
;;;
J2;SYSTEMIC AGENTS FOR FUNGAL INFECTIONS;;
;;;
J2A;SYSTEMIC AGENTS FOR FUNGAL INFECTIONS;;
___________________________________________________________________________;;;
;;;
J3;SYSTEMIC SULPHONAMIDES;;
;;;
J3A;SYSTEMIC SULPHONAMIDES;;
___________________________________________________________________________;;;
;;;
J4;ANTIMYCOBACTERIALS;;
;;;
J4A;ANTITUBERCULAR PRODUCTS;;
;;;
J4A1;Antituberculars, single ingredient;;
J4A2;Antituberculars, kits, four or more ingredients;;
J4A3;Antituberculars, kits, three ingredients;;
J4A4;Antituberculars, kits, two ingredients;;
J4A5;Antituberculars, fixed dose, four or more ingredients;;
J4A6;Antituberculars, fixed dose, three ingredients;;
J4A7;Antituberculars, fixed dose, two ingredients;;
J4A9;Antituberculars, others;;
___________________________________________________________________________;;;
;;;
J4B;DRUGS FOR THE TREATMENT OF LEPRA;;
___________________________________________________________________________;;;
;;;
J5;ANTIVIRALS FOR SYSTEMIC USE;;
;;;
J5B;ANTIVIRALS, EXCLUDING ANTI-HIV PRODUCTS;;
;;;
J5B1;Viral hepatitis products ;;
J5B3;Herpes antivirals;;
J5B4;Influenza antivirals;;
J5B5;Respiratory antivirals excluding influenza products ;;
J5B9;Antivirals, others;;
___________________________________________________________________________;;;
;;;
J5C;HIV ANTIVIRALS;;
;;;
J5C1;Nucleoside and nucleotide reverse transcriptase inhibitors;;
J5C2;Protease inhibitors;;
J5C3;;Non-nucleoside reverse transcriptase inhibitors;
J5C4;;HIV antivirals, entry inhibitors;
J5C5;;HIV antivirals, integrase inhibitors;
J5C9;;Other HIV antivirals;
________________________________________________________________________;;;
;;;
J6;SERA AND GAMMA?GLOBULIN;;
;;;
J6A;ANTITOXIC SERA;;
;;;
J6A1;Snake?bite sera;;
J6A2;Botulism sera;;
J6A3;Gas gangrene sera;;
J6A4;Tetanus sera;;
J6A5;Diphtheria sera;;
J6A6;Rabies sera;;
J6A9;Other antitoxic sera;;
___________________________________________________________________________;;;
;;;
J6C;POLYVALENT IMMUNO?GLOBULINS ? INTRAVENOUS;;
;;;
J6D;HOMOLOGOUS IMMUNOLOGICALLY ACTIVE GLOBULINS ? INTRAVENOUS;;
;;;
J6D1;Humoral globulins;;
J6D2;Cellular globulins;;
___________________________________________________________________________;;;
;;;
J6E;POLYVALENT IMMUNO?GLOBULINS ? INTRAMUSCULAR;;
;;;
J6F;POLYVALENT IMMUNOGLOBULINS ? COMBINATION MODULATION ? MAINLY INTRAMUSCULAR;;
;;;
J6G;SPECIFIC IMMUNOGLOBULINS ? ANTIBACTERIAL;;
;;;
J6G1;Tetanus immunoglobulin;;
J6G2;Pertussis immunoglobulin;;
J6G9;Other antibacterial immunoglobulins;;
___________________________________________________________________________;;;
;;;
J6H;SPECIFIC IMMUNOGLOBULINS ? ANTIVIRAL;;
;;;
J6H1;Mumps immunoglobulin;;
J6H2;Measles immunoglobulin;;
J6H3;Rubella immunoglobulin;;
J6H4;Hepatitis immunoglobulin;;
J6H5;Rabies immunoglobulin;;
J6H9;Other antiviral immunoglobulins;;
___________________________________________________________________________;;;
;;;
J6J;OTHER SPECIFIC IMMUNOGLOBULINS;;
___________________________________________________________________________;;;
;;;
J7;VACCINES;;
;;;
J7B;COMBINATIONS OF VACCINES;;
;;;
J7B1;Combinations with a tetanus component;;
J7B2;Combinations with measles and/or mumps;;
J7B3;All other combinations;;
___________________________________________________________________________;;;
;;;
J7D;BACTERIAL VACCINES;;
;;;
J7D1;Pneumococcal vaccines;;
J7D2;Meningococcal vaccines;;
J7D3;Haemophilus B vaccines;;
J7D4;Typhoid vaccines;;
J7D5;Tetanus vaccines;;
J7D6;Tuberculosis vaccines;;
J7D7;Cholera vaccines;;
J7D9;All other bacterial vaccines;;
___________________________________________________________________________;;;
;;;
J7E;VIRAL VACCINES;;
;;;
J7E1;Influenza vaccines;;
J7E2;Varicella vaccines;;
J7E3;HPV (human papillomavirus) vaccines;;
J7E4;Hepatitis vaccines;;
J7E5;Rotavirus vaccines;;
J7E9;All other viral vaccines;;
___________________________________________________________________________;;;
;;;
J7X;ALL OTHER VACCINE-LIKE PRODUCTS;;
___________________________________________________________________________;;;
;;;
J8;;OTHER ANTI?INFECTIVES ;
;;;
J8B;ANAEROBICIDES;;
;;;
J8X;ALL OTHER ANTI-INFECTIVES;;
___________________________________________________________________________;;;
;;;
K;HOSPITAL SOLUTIONS;;
;;;
K1;INTRAVENOUS SOLUTIONS;;
;;;
K1A;ELECTROLYTE SOLUTIONS (>=100 ml);;
;;;
K1A1;1/1 ? Electrolyte solutions;;
K1A2;2/3 ? Electrolyte solutions;;
K1A3;1/2 ? Electrolyte solutions;;
K1A4;1/3 ? Electrolyte solutions;;
K1A5;Adapting electrolyte solutions (including sodium) ;;
K1A6;Paediatric electrolyte solutions;;
K1A7;Ringer's and Ringer's lactate solutions;;
K1A9;Other electrolyte solutions;;
___________________________________________________________________________;;;
;;;
K1B;STANDARD SOLUTIONS;;
;;;
K1B1;Sodium chloride solutions;;
K1B2;Sodium chloride solutions with carbohydrates;;
K1B3;Carbohydrate solutions (<=10%);;
K1B4;Aqua/Aqua bidest;;
___________________________________________________________________________;;;
K1C;CALORIC SOLUTIONS (>10%);;
;;;
K1C1;Solutions with one carbohydrate (>10%);;
K1C2;Carbohydrate combination solutions (>10%);;
K1C3;Carbohydrate electrolyte combination solutions (>10%);;
___________________________________________________________________________;;;
;;;
K1D;FAT EMULSIONS, including total parenteral nutrition products;;
;;;
K1D1;Fat emulsions, plain;;
K1D2;Fat emulsions, combinations;;
___________________________________________________________________________;;;
;;;
K1E;AMINO ACID SOLUTIONS;;
;;;
K1E1;Amino acid standard solutions;;
K1E2;Multi?litre concept solutions;;
K1E3;Nephro solutions;;
K1E4;Hepatic solutions;;
K1E5;Paediatric amino?acid solutions;;
K1E9;Other amino acid solutions;;
___________________________________________________________________________;;;
;;;
K1F;SOLUTIONS FOR OSMOTIC THERAPY;;
;;;
K1F1;Osmotic therapy;;
K1F2;Osmotic/oncology therapy;;
___________________________________________________________________________;;;
;;;
K1G;SPECIAL INFUSION SOLUTIONS;;
;;;
K1G1;Solutions for liver therapy;;
K1G9;Other infusion solutions;;
___________________________________________________________________________;;;
;;;
K2;PLASMA EXPANDERS;;
;;;
K2A;DEXTRANS;;
;;;
K2A1;Low dextrans ;;
K2A2;High dextrans ;;
___________________________________________________________________________;;;
;;;
K2B;STARCHES;;
;;;
K2C;GELATIN SOLUTIONS;;
___________________________________________________________________________;;;
;;;
K3;WHOLE BLOOD AND PLASMA SUBSTITUTE SOLUTIONS;;
;;;
K3A;WHOLE BLOOD AND PLASMA FRACTIONS;;
;;;
K3B;PROTEIN SOLUTIONS;;
;;;
K3B1;Protein solutions <5,0%;;
K3B2;Protein solutions   5,0%;;
K3B3;Protein solutions >5,0%;;
___________________________________________________________________________;;;
;;;
K3C;PRESERVED HUMAN SERUM;;
___________________________________________________________________________;;;
;;;
K4;INJECTION SOLUTIONS/INFUSION ADDITIVES(<100ML);;
;;;
K4A;ELECTROLYTE SOLUTIONS (<100ml);;
;;;
K4A1;Electrolyte solutions (<=20ml);;
K4A2;Electrolyte solutions (>20ml and <100ml);;
___________________________________________________________________________;;;
;;;
K4B;STANDARD SOLUTIONS (<100ml);;
;;;
K4B1;Standard solutions (<=20ml);;
K4B2;Standard solutions (>20ml and <100ml);;
___________________________________________________________________________;;;
;;;
K4C;CALORIC SOLUTIONS (<100ml);;
;;;
K4D;OTHER INJECTION SOLUTIONS/INFUSION ADDITIVES (<100ml);;
;;;
;;;
K5;IRRIGATING SOLUTIONS;;
;;;
K5A;IRRIGATING SOLUTIONS;;
;;;
K5A1;Water;;
K5A2;Saline;;
K5A3;Citrates;;
K5A4;Glycine;;
K5A9;Other irrigating solutions;;
___________________________________________________________________________;;;
;;;
K6;DIALYSIS SOLUTIONS;;
;;;
K6A;HAEMODIALYSIS SOLUTIONS;;
;;;
K6B;PERITONEAL DIALYSIS SOLUTIONS;;
;;;
K6C;HAEMOFILTRATION;;
___________________________________________________________________________;;;
;;;
K7;PERFUSION SOLUTIONS;;
;;;
K7A;PERFUSION SOLUTIONS;;
___________________________________________________________________________;;;
;;;
L;ANTINEOPLASTIC AND IMMUNOMODULATING AGENTS;;
;;;
L1;;ANTINEOPLASTICS;
;;;
L1A;ALKYLATING AGENTS;;
;;;
L1B;ANTIMETABOLITES;;
;;;
L1C;PLANT-BASED ANTINEOPLASTICS;;
;;;
L1C1;Vinca alkaloid antineoplastics;;
L1C2;Taxane antineoplastics;;
L1C3;Camptothecin antineoplastics;;
L1C4;Podophyllotoxin antineoplastics;;
L1C9;Plant-based antineoplastics, other;;
___________________________________________________________________________;;;
;;;
L1D;ANTINEOPLASTIC ANTIBIOTICS;;
;;;
L1F;PLATINUM ANTINEOPLASTICS;;
;;;
L1G;MONOCLONAL ANTIBODY ANTINEOPLASTICS;;
;;;
L1H;PROTEIN KINASE INHIBITOR ANTINEOPLASTICS;;
;;;
L1X;ALL OTHER ANTINEOPLASTICS;;
;;;
L1X1;Adjuvant preparations for cancer therapy;;
L1X9;All other antineoplastics;;
___________________________________________________________________________;;;
;;;
L2;CYTOSTATIC HORMONE THERAPY;;
;;;
L2A;CYTOSTATIC HORMONES;;
;;;
L2A1;Cytostatic oestrogens;;
L2A2;Cytostatic progestogens;;
L2A3;Cytostatic gonadotrophin-releasing hormone analogues;;
L2A9;Other cytostatic hormones;;
___________________________________________________________________________;;;
;;;
L2B;CYTOSTATIC HORMONE ANTAGONISTS;;
;;;
L2B1;Cytostatic anti-oestrogens;;
L2B2;Cytostatic anti-androgens;;
L2B3;Cytostatic aromatase inhibitors;;
L2B9;Other cytostatic hormone antagonists;;
___________________________________________________________________________;;;
;;;
L3;IMMUNOSTIMULATING AGENTS;;
;;;
L3A;IMMUNOSTIMULATING AGENTS EXCLUDING INTERFERONS;;
;;;
L3A1;Colony-stimulating factors;;
L3A9;All other immunostimulating agents excluding interferons;;
___________________________________________________________________________;;;
;;;
L3B;INTERFERONS;;
;;;
L3B1;Interferons, alpha;;
L3B2;Interferons, beta;;
L3B3;Interferons, gamma;;
L3B9;Interferons, non-specified;;
___________________________________________________________________________;;;
;;;
L4;IMMUNOSUPPRESSANTS;;
;;;
L4B;;ANTI-TNF PRODUCTS;
;;;
L4C;;INTERLEUKIN INHIBITORS;
;;;
L4X;;OTHER IMMUNOSUPPRESSANTS;
___________________________________________________________________________;;;
;;;
M;MUSCULO?SKELETAL SYSTEM;;
;;;
M1;ANTI?INFLAMMATORY AND ANTI?RHEUMATIC PRODUCTS;;
;;;
M1A;ANTI?RHEUMATICS, NON?STEROIDAL;;
;;;
M1A1;Anti-rheumatics, non-steroidal plain;;
M1A2;Anti-rheumatics, non-steroidal combination;;
M1A3;Coxibs, plain;;
___________________________________________________________________________;;;
;;;
M1B;ANTI?RHEUMATIC CORTICOSTEROID COMBINATIONS;;
;;;
M1C;SPECIFIC ANTI-RHEUMATIC AGENTS;;
___________________________________________________________________________;;;
;;;
M2;TOPICAL ANTI?RHEUMATICS;;
;;;
M2A;TOPICAL ANTI-RHEUMATICS AND ANALGESICS;;
___________________________________________________________________________;;;
;;;
M3;MUSCLE RELAXANTS;;
;;;
M3A;MUSCLE RELAXANTS, PERIPHERALLY ACTING;;
;;;
M3B;MUSCLE RELAXANTS, CENTRALLY ACTING;;
___________________________________________________________________________;;;
;;;
M4;ANTI?GOUT PREPARATIONS;;
;;;
M4A;ANTI?GOUT PREPARATIONS;;
___________________________________________________________________________;;;
;;;
M5;OTHER DRUGS FOR DISORDERS OF THE MUSCULO?SKELETAL SYSTEM;;
;;;
M5B;BONE CALCIUM REGULATORS;;
;;;
M5B3;Bisphosphonates for osteoporosis and related disorders;;
M5B4;Bisphosphonates for tumour-related calcium disorders;;
M5B9;Other bone calcium regulators;;
___________________________________________________________________________;;;
;;;
M5X;ALL OTHER MUSCULOSKELETAL PRODUCTS;;
___________________________________________________________________________;;;
;;;
N;NERVOUS SYSTEM;;
N1;ANAESTHETICS;;
;;;
N1A;ANAESTHETICS, GENERAL;;
;;;
N1A1;Inhalation general anaesthetics;;
N1A2;Injectable general anaesthetics;;
___________________________________________________________________________;;;
;;;
N1B;ANAESTHETICS, LOCAL;;
;;;
N1B1;Anaesthetics local, medical injectables;;
N1B2;Anaesthetics local, dental injectables;;
N1B3;Anaesthetics local, topical;;
N1B9;Anaesthetics local, others;;
___________________________________________________________________________;;;
;;;
N2;ANALGESICS;;
;;;
N2A;NARCOTICS;;
;;;
N2B;NON-NARCOTICS AND ANTI-PYRETICS;;
;;;
;Fourth levels in italics only used in some countries;;
N2B1;Prescription-bound non-narcotics and anti-pyretics;;
N2B2;Non-prescription-bound non-narcotics and anti-pyretics;;
___________________________________________________________________________;;;
;;;
N2C;ANTI-MIGRAINE PREPARATIONS;;
;;;
N2C1;Antimigraine triptans;;
N2C9;All other anti-migraine preparations;;
___________________________________________________________________________;;;
;;;
N3;ANTI?EPILEPTICS;;
;;;
N3A;ANTI?EPILEPTICS;;
___________________________________________________________________________;;;
;;;
N4;ANTI?PARKINSON DRUGS;;
;;;
N4A;ANTI?PARKINSON DRUGS;;
___________________________________________________________________________;;;
;;;
N5;PSYCHOLEPTICS;;
;;;
N5A;ANTIPSYCHOTICS;;
;;;
N5A1;Atypical antipsychotics;;
N5A9;Conventional antipsychotics;;
___________________________________________________________________________;;;
;;;
N5B;HYPNOTICS/SEDATIVES;;
;;;
N5B1;Non?barbiturates, plain;;
N5B2;Non?barbiturates, combinations;;
N5B3;Barbiturates, plain;;
N5B4;Barbiturates, combinations;;
N5B5;Herbal hypnotics/sedatives;;
___________________________________________________________________________;;;
;;;
N5C;TRANQUILLISERS;;
___________________________________________________________________________;;;
;;;
N6;PSYCHOANALEPTICS EXCLUDING ANTI?OBESITY PREPARATIONS;;
;;;
N6A;ANTI?DEPRESSANTS AND MOOD STABILISERS;;
;;;
N6A2;Antidepressants, herbal;;
N6A3;Mood stabilisers;;
N6A4;SSRI antidepressants;;
N6A5;SNRI antidepressants;;
N6A9;Antidepressants, all others;;
___________________________________________________________________________;;;
;;;
N6B;PSYCHOSTIMULANTS;;
;;;
N6C;PSYCHOLEPTIC?PSYCHOANALEPTIC COMBINATIONS;;
;;;
N6D;NOOTROPICS;;
;;;
N6E;NEUROTONICS AND OTHER MISCELLANEOUS PRODUCTS;;
___________________________________________________________________________;;;
;;;
N7;OTHER CNS DRUGS;;
;;;
N7B;ANTISMOKING PRODUCTS;;
;;;
N7C;ANTIVERTIGO PRODUCTS;;
;;;
n7d;anti-alzheimer products;;
;;;
n7d1;Anti-Alzheimer products, cholinesterase inhibitors;;
n7d9;All other anti-Alzheimer products;;
___________________________________________________________________________;;;
;;;
N7E;DRUGS USED IN ALCOHOL DEPENDENCE;;
;;;
N7F;DRUGS USED IN OPIOID DEPENDENCE;;
;;;
N7X;ALL OTHER CNS DRUGS;;
___________________________________________________________________________;;;
;;;
P;PARASITOLOGY;;
;;;
P1;ANTIPROTOZOALS AND ANTHELMINTICS;;
;;;
P1A;AMOEBICIDES;;
;;;
P1B;ANTHELMINTICS, EXCLUDING SCHISTOSOMICIDES;;
;;;
P1C;SCHISTOSOMICIDES;;
;;;
P1D;ANTI?MALARIALS;;
;;;
P1D1;Anti-malarials, single ingredient;;
P1D2;Anti-malarials, multi-ingredient;;
___________________________________________________________________________;;;
;;;
P1G;OTHER ANTI?PARASITIC AGENTS;;
___________________________________________________________________________;;;
;;;
P3;ECTOPARASITICIDES, INCLUDING SCABICIDES, INSECTICIDES AND REPELLENTS;;
;;;
P3A;ECTOPARASITICIDES, INCLUDING SCABICIDES;;
;;;
P3B;INSECTICIDES AND REPELLENTS;;
___________________________________________________________________________;;;
;;;
R;RESPIRATORY SYSTEM;;
;;;
R1;NASAL PREPARATIONS;;
;;;
R1A;TOPICAL NASAL PREPARATIONS;;
;;;
R1A1;Nasal corticosteroids without anti?infectives;;
R1A3;Nasal corticosteroids with anti?infectives;;
R1A4;Nasal anti?infectives without corticosteroids;;
R1A6;Nasal antiallergic agents;;
R1A7;Nasal decongestants;;
R1A9;Other topical nasal preparations;;
___________________________________________________________________________;;;
;;;
R1B;SYSTEMIC NASAL PREPARATIONS;;
___________________________________________________________________________;;;
;;;
R2;THROAT PREPARATIONS;;
;;;
R2A;THROAT PREPARATIONS;;
___________________________________________________________________________;;;
;;;
R3;ANTI-ASTHMA AND COPD PRODUCTS;;
;;;
R3A;B2-AGONISTS;;
;;;
R3A2;B2-agonists, systemic;;
R3A3;Long-acting B2-agonists, inhalant;;
R3A4;Short-acting B2-agonists, inhalant;;
___________________________________________________________________________;;;
;;;
R3B;XANTHINES;;
;;;
R3B1;Xanthines, inhalant;;
R3B2;Xanthines, systemic;;
___________________________________________________________________________;;;
;;;
R3C;NON?STEROIDAL RESPIRATORY ANTI?INFLAMMATORIES;;
;;;
R3C1;Non?steroidal respiratory anti?inflammatories, inhalant;;
R3C2;Non?steroidal respiratory anti?inflammatories,  systemic;;
___________________________________________________________________________;;;
;;;
R3D;CORTICOIDS;;
;;;
R3D1;Corticoids, inhalant;;
R3D2;Corticoids, systemic;;
___________________________________________________________________________;;;
;;;
R3E;B2-AGONIST AND R3C COMBINATIONS;;
;;;
R3E1;B2-agonist and R3C combinations, inhalant;;
R3E2;B2-agonist and R3C combinations, systemic;;
___________________________________________________________________________;;;
;;;
R3F;B2-AGONIST AND CORTICOID COMBINATIONS;;
;;;
R3F1;B2-agonist and corticoid combinations, inhalant;;
R3F2;B2-agonist and corticoid combinations, systemic;;
___________________________________________________________________________;;;
;;;
R3K;ANTICHOLINERGICS, PLAIN;;
;;;
R3K1;Short-acting anticholinergics, plain, inhalant;;
R3K2;Long-acting anticholinergics, plain, inhalant;;
R3K3;Anticholinergics, plain, systemic;;
___________________________________________________________________________;;;
;;;
R3L;ANTICHOLINERGICS IN COMBINATION WITH B2-AGONISTS;;
;;;
R3L1;Short-acting anticholinergic combinations with short-acting B2-agonists, inhalant;;
R3L2;Long-acting anticholinergic combinations with long-acting B2-agonists, inhalant;;
R3L8;Anticholinergic combinations with B2-agonists, systemic;;
R3L9;Anticholinergic combinations with B2-agonists, inhalant, other;;
___________________________________________________________________________;;;
R3H;PDE4 INHIBITORS FOR ASTHMA/COPD;;
;;;
R3H1;PDE4 inhibitors for asthma/COPD, inhalant;;
R3H2;PDE4 inhibitors for asthma/COPD, systemic;;
___________________________________________________________________________;;;
;;;
R3I;DEVICES FOR ASTHMATIC CONDITIONS;;
;;;
r3j;ANTIleukotriene anti-asthmatics;;
;;;
r3j1;Antileukotriene anti-asthmatics, inhalant;;
r3j2;Antileukotriene anti-asthmatics, systemic;;
___________________________________________________________________________;;;
;;;
r3X;ALL OTHER ANTI-ASTHMA AND COPD PRODUCTS;;
;;;
r3X1;All other anti-asthma and COPD products, inhalant;;
r3X2;All other anti-asthma and COPD products, systemic;;
___________________________________________________________________________;;;
;;;
R4;CHEST RUBS AND OTHER INHALANTS;;
;;;
R4A;CHEST RUBS AND OTHER INHALANTS;;
___________________________________________________________________________;;;
;;;
R5;COUGH AND COLD PREPARATIONS;;
;;;
R5A;COLD PREPARATIONS WITHOUT ANTI-INFECTIVES;;
;;;
R5B;COUGH/COLD PREPARATIONS WITH ANTI-INFECTIVES;;
;;;
R5C;EXPECTORANTS;;
;;;
R5D;ANTITUSSIVES;;
;;;
R5D1;Plain antitussives;;
R5D2;Antitussives in combinations;;
___________________________________________________________________________;;;
;;;
R5F;OTHER COUGH AND COLD PREPARATIONS;;
___________________________________________________________________________;;;
;;;
R6;SYSTEMIC ANTIHISTAMINES;;
;;;
R6A;SYSTEMIC ANTIHISTAMINES;;
___________________________________________________________________________;;;
;;;
R7;OTHER RESPIRATORY SYSTEM PRODUCTS;;
;;;
R7A;RESPIRATORY STIMULANTS;;
;;;
R7C;LUNG SURFACTANTS;;
;;;
R7X;ALL OTHER RESPIRATORY SYSTEM PRODUCTS;;
___________________________________________________________________________;;;
;;;
S;SENSORY ORGANS;;
;;;
S1;OPHTHALMOLOGICALS;;
;;;
S1A;OPHTHALMOLOGICAL ANTI?INFECTIVES;;
;;;
S1B;OPHTHALMOLOGICAL CORTICOSTEROIDS;;
;;;
S1C;OPHTHALMOLOGICAL ANTI-INFLAMMATORY/ANTI-INFECTIVE COMBINATIONS ;;
;;;
S1C1;Ophthalmological corticosteroid and anti-infective combinations;;
S1C2;Ophthalmological NSAIDS and anti-infective combinations;;
S1C9;Other ophthalmological anti-inflammatory and anti-infective combinations;;
___________________________________________________________________________;;;
;;;
S1D;OPHTHALMOLOGICAL ANTIVIRAL AGENTS;;
;;;
S1E;MIOTICS AND ANTIGLAUCOMA PREPARATIONS;;
;;;
S1E1;Miotics and antiglaucoma preparations, systemic;;
S1E2;Miotics and antiglaucoma preparations, topical;;
___________________________________________________________________________;;;
;;;
S1F;MYDRIATICS AND CYCLOPLEGICS;;
;;;
S1G;OCULAR ANTI-ALLERGICS, DECONGESTANTS, ANTISEPTICS;;
;;;
S1G1;Ocular anti-allergics, antihistamines;;
S1G2;Ocular anti-allergics, mast cell stabilisers;;
S1G3;Ocular anti-allergics, multiple action;;
S1G5;Ocular decongestants, sympathomimetics;;
S1G6;Ocular antiseptics;;
S1G9;Other similar ocular products;;
___________________________________________________________________________;;;
;;;
S1H;OPHTHALMOLOGICAL LOCAL ANAESTHETICS;;
;;;
S1K;DRY EYE PRODUCTS;;
;;;
S1K1;Artificial tears and ocular lubricants;;
S1K9;Dry eye products, other;;
___________________________________________________________________________;;;
;;;
S1L;PREPARATIONS FOR USE WITH CONTACT LENSES;;
;;;
S1M;EYE TONICS AND EYE VITAMINS;;
;;;
S1N;PREPARATIONS TO PREVENT CATARACT AND ANTICATARACTOGENICS;;
;;;
S1N1;Preparations to prevent cataract and anticataractogenics, systemic;;
S1N2;Preparations to prevent cataract and anticataractogenics, topical;;
___________________________________________________________________________;;;
;;;
S1P;OCULAR ANTINEOVASCULARISATION PRODUCTS ;;
;;;
S1R;OPHTHALMIC NON-STEROIDAL ANTI-INFLAMMATORIES;;
;;;
s1s;ophthalmological surgical aids;;
;;;
s1s1;viscoelastic substances;;
s1s9;other surgical aids;;
___________________________________________________________________________;;;
;;;
s1t;ophthalmological diagnostic agents;;
;;;
S1X;OTHER OPHTHALMOLOGICALS;;
;;;
S1X1;Other ophthalmologicals, systemic;;
S1X2;Other ophthalmologicals, topical;;
___________________________________________________________________________;;;
;;;
S2;OTOLOGICALS;;
;;;
S2A;OTIC ANTI?INFECTIVES;;
;;;
S2B;OTIC CORTICOSTEROIDS;;
;;;
S2C;OTIC CORTICOSTEROID/ANTI?INFECTIVE COMBINATIONS;;
;;;
S2D;OTHER OTOLOGICALS;;
;;;
S2D1;Earwax removal products;;
S2D9;All other otologicals;;
___________________________________________________________________________;;;
;;;
S3;OPHTHALMOLOGICAL/OTOLOGICAL COMBINATIONS;;
;;;
S3A;EYE/EAR ANTI?INFECTIVES;;
;;;
S3B;EYE/EAR CORTICOSTEROIDS;;
;;;
S3C;EYE/EAR CORTICOSTEROID/ANTI?INFECTIVE COMBINATIONS;;
;;;
S3D;OTHER EYE/EAR COMBINATIONS;;
___________________________________________________________________________;;;
;;;
T;DIAGNOSTIC AGENTS;;
;;;
T1;DIAGNOSTIC IMAGING;;
;;;
T1A;LOW OSMOLAR ANGIO-UROGRAPHY;;
;;;
T1B;IONIC ANGIO-UROGRAPHY;;
;;;
T1C;GASTROENTEROGRAPHY;;
;;;
T1D;CHOLECYSTOGRAPHY AND CHOLANGIOGRAPHY;;
;;;
T1E;MRI AGENTS;;
;;;
T1F;ULTRASOUND AGENTS;;
;;;
T1G;RADIODIAGNOSTIC AGENTS;;
;;;
T1X;OTHER IMAGING AGENTS;;
___________________________________________________________________________;;;
;;;
T2;DIAGNOSTIC TESTS;;
;;;
T2C;PREGNANCY AND OVULATION TESTS;;
;;;
T2D;DIABETES TESTS;;
;;;
T2D1;Diabetes tests, urine;;
T2D2;Diabetes tests, blood;;
T2D9;Diabetes tests, other;;
___________________________________________________________________________;;;
;;;
T2X;ALL OTHER DIAGNOSTIC TESTS;;
;;;
T2X1;All other diagnostic tests, urine;;
T2X2;All other diagnostic tests, blood;;
T2X9;All other diagnostic tests;;
___________________________________________________________________________;;;
;;;
T3;DIAGNOSTIC EQUIPMENT AND ACCESSORIES ;;
;;;
T3A;DIAGNOSTIC EQUIPMENT AND ACCESSORIES ;;
___________________________________________________________________________;;;
;;;
V;VARIOUS;;
;;;
V1;ALLERGENS;;
;;;
V1A;ALLERGENS;;
__________________________________________________________________________;;;
;;;
V3;ALL OTHER THERAPEUTIC PRODUCTS;;
;;;
V3B;KANPO AND CHINESE MEDICINES;;
;;;
V3B1;Kanpo medicines;;
V3B2;Chinese medicines;;
___________________________________________________________________________;;;
;;;
V3C;RADIOPHARMACEUTICALS;;
;;;
V3D;;;DETOXIFYING AGENTS FOR ANTINEOPLASTIC TREATMENT
;;;
V3E;;;ANTIDOTES
;;;
V3F;;;IRON-CHELATING AGENTS
;;;
V3G;;;HYPERKALAEMIA/HYPERPHOSPHATAEMIA PRODUCTS
;;;
V3G1;;;Hyperkalaemia products
V3G2;;;Hyperphosphataemia products
___________________________________________________________________________;;;
;;;
V3H;;;ANTI-INFLAMMATORY ENZYMES
;;;
V3X;;;ALL OTHER THERAPEUTIC PRODUCTS
;;;
;For Germany and Hungary only:;;
V3X1;Umstimmungsmittel preparations of herbal origin;;
V3X4;Cure-all preparations ;;
V3X5;Homeopathic preparations (1);;
V3X6;Homeopathic preparations (2);;
V3X7;Dried and cut plants for tea preparations;;
V3X9;Other therapeutic preparations;;
;;;
___________________________________________________________________________;;;
;;;
V5;ANTISEPTICS FOR NON-HUMAN USE;;
;;;
V5A;ANTISEPTICS FOR NON-HUMAN USE;;
___________________________________________________________________________;;;
;;;
V6;DIETETIC AGENTS;;
;;;
V6A;SLIMMING PREPARATIONS;;
;;;
V6B;PROTEIN SUPPLEMENTS;;
;;;
V6C;INFANT FORMULAS;;
;;;
V6D;OTHER NUTRIENTS;;
___________________________________________________________________________;;;
;;;
V7;ALL OTHER NON?THERAPEUTIC PRODUCTS;;
;;;
V7A;ALL OTHER NON?THERAPEUTIC PRODUCTS;;
